Annem Ankara.s01.WEB-DLRip1080p;Моя мама Анкара
Baska Bir Gun.s01.WEB-DLRip1080p;Новый день
Bezzachitnue;Беззащитные
Bir Gece Masali.s01.WEB-DLRip.1080p;Ночная сказка
Can Borcu.s01.WEB-DLRip1080p;Долг жизни
Dalekiy gorod;Далёкий город
Inci Taneleri.s02.WEB-DLRip1080p;Жемчужные зерна
Kizilcik Serbeti.s03.WEB-DLRip1080p;Кизиловый щербет
Kral Kaybederse;Если король проиграет
Leyla.s01.WEB-DLRip1080p;Лейла
Odnajdu v Stambule;Однажды в Стамбуле
Piyasa;Рынок
Podsnejniik AVI;Подснежники
Sakir Pasa Ailesi.s01.WEB-DLRip1080p;Династия Шакира Паши
Sandik Kokusu.s02.WEB-DLRip1080p;Запах сундука
Siyah Kalp.s01.WEB-DLRip1080p;Чёрное сердце
Zembilli.s01.WEB-DLRip1080p;Зембилли